id	idx	taskidx	option	temporal	status
1	1	1	MIDSAT	HIGH	0
2	26	1	MIDSAT	LOW	0
3	1	2	UNSAT	HIGH	0
4	26	2	UNSAT	LOW	0
5	1	3	HIDDEN	HIGH	0
6	26	3	HIDDEN	LOW	0
7	1	4	SAT	HIGH	0
8	26	4	SAT	LOW	0
9	1	5	MIDSAT	HIGH	0
10	26	5	MIDSAT	LOW	0
11	1	6	UNSAT	HIGH	0
12	26	6	UNSAT	LOW	0
13	1	7	MIDSAT	HIGH	0
14	26	7	MIDSAT	LOW	0
15	1	8	HIDDEN	HIGH	0
16	26	8	HIDDEN	LOW	0
17	1	9	UNSAT	HIGH	0
18	26	9	UNSAT	LOW	0
19	1	10	SAT	HIGH	0
20	26	10	SAT	LOW	0
21	1	11	HIDDEN	HIGH	0
22	26	11	HIDDEN	LOW	0
23	1	12	UNSAT	HIGH	0
24	26	12	UNSAT	LOW	0
25	1	13	HIDDEN	HIGH	0
26	26	13	HIDDEN	LOW	0
27	1	14	SAT	HIGH	0
28	26	14	SAT	LOW	0
29	1	15	HIDDEN	HIGH	0
30	26	15	HIDDEN	LOW	0
31	1	16	HIDDEN	HIGH	0
32	26	16	HIDDEN	LOW	0
33	1	17	SAT	HIGH	0
34	26	17	SAT	LOW	0
35	1	18	MIDSAT	HIGH	0
36	26	18	MIDSAT	LOW	0
37	1	19	HIDDEN	HIGH	0
38	26	19	HIDDEN	LOW	0
39	1	20	HIDDEN	HIGH	0
40	26	20	HIDDEN	LOW	0
41	2	1	UNSAT	HIGH	0
42	27	1	UNSAT	LOW	0
43	2	2	HIDDEN	HIGH	0
44	27	2	HIDDEN	LOW	0
45	2	3	SAT	HIGH	0
46	27	3	SAT	LOW	0
47	2	4	MIDSAT	HIGH	0
48	27	4	MIDSAT	LOW	0
49	2	5	SAT	HIGH	0
50	27	5	SAT	LOW	0
51	2	6	HIDDEN	HIGH	0
52	27	6	HIDDEN	LOW	0
53	2	7	HIDDEN	HIGH	0
54	27	7	HIDDEN	LOW	0
55	2	8	SAT	HIGH	0
56	27	8	SAT	LOW	0
57	2	9	MIDSAT	HIGH	0
58	27	9	MIDSAT	LOW	0
59	2	10	MIDSAT	HIGH	0
60	27	10	MIDSAT	LOW	0
61	2	11	HIDDEN	HIGH	0
62	27	11	HIDDEN	LOW	0
63	2	12	MIDSAT	HIGH	0
64	27	12	MIDSAT	LOW	0
65	2	13	HIDDEN	HIGH	0
66	27	13	HIDDEN	LOW	0
67	2	14	HIDDEN	HIGH	0
68	27	14	HIDDEN	LOW	0
69	2	15	HIDDEN	HIGH	0
70	27	15	HIDDEN	LOW	0
71	2	16	UNSAT	HIGH	0
72	27	16	UNSAT	LOW	0
73	2	17	UNSAT	HIGH	0
74	27	17	UNSAT	LOW	0
75	2	18	HIDDEN	HIGH	0
76	27	18	HIDDEN	LOW	0
77	2	19	SAT	HIGH	0
78	27	19	SAT	LOW	0
79	2	20	UNSAT	HIGH	0
80	27	20	UNSAT	LOW	0
81	3	1	SAT	HIGH	0
82	28	1	SAT	LOW	0
83	3	2	SAT	HIGH	0
84	28	2	SAT	LOW	0
85	3	3	MIDSAT	HIGH	0
86	28	3	MIDSAT	LOW	0
87	3	4	HIDDEN	HIGH	0
88	28	4	HIDDEN	LOW	0
89	3	5	HIDDEN	HIGH	0
90	28	5	HIDDEN	LOW	0
91	3	6	SAT	HIGH	0
92	28	6	SAT	LOW	0
93	3	7	SAT	HIGH	0
94	28	7	SAT	LOW	0
95	3	8	MIDSAT	HIGH	0
96	28	8	MIDSAT	LOW	0
97	3	9	HIDDEN	HIGH	0
98	28	9	HIDDEN	LOW	0
99	3	10	HIDDEN	HIGH	0
100	28	10	HIDDEN	LOW	0
101	3	11	UNSAT	HIGH	0
102	28	11	UNSAT	LOW	0
103	3	12	HIDDEN	HIGH	0
104	28	12	HIDDEN	LOW	0
105	3	13	MIDSAT	HIGH	0
106	28	13	MIDSAT	LOW	0
107	3	14	UNSAT	HIGH	0
108	28	14	UNSAT	LOW	0
109	3	15	UNSAT	HIGH	0
110	28	15	UNSAT	LOW	0
111	3	16	MIDSAT	HIGH	0
112	28	16	MIDSAT	LOW	0
113	3	17	HIDDEN	HIGH	0
114	28	17	HIDDEN	LOW	0
115	3	18	UNSAT	HIGH	0
116	28	18	UNSAT	LOW	0
117	3	19	HIDDEN	HIGH	0
118	28	19	HIDDEN	LOW	0
119	3	20	HIDDEN	HIGH	0
120	28	20	HIDDEN	LOW	0
121	4	1	HIDDEN	HIGH	0
122	29	1	HIDDEN	LOW	0
123	4	2	HIDDEN	HIGH	0
124	29	2	HIDDEN	LOW	0
125	4	3	HIDDEN	HIGH	0
126	29	3	HIDDEN	LOW	0
127	4	4	UNSAT	HIGH	0
128	29	4	UNSAT	LOW	0
129	4	5	HIDDEN	HIGH	0
130	29	5	HIDDEN	LOW	0
131	4	6	MIDSAT	HIGH	0
132	29	6	MIDSAT	LOW	0
133	4	7	UNSAT	HIGH	0
134	29	7	UNSAT	LOW	0
135	4	8	HIDDEN	HIGH	0
136	29	8	HIDDEN	LOW	0
137	4	9	SAT	HIGH	0
138	29	9	SAT	LOW	0
139	4	10	UNSAT	HIGH	0
140	29	10	UNSAT	LOW	0
141	4	11	MIDSAT	HIGH	0
142	29	11	MIDSAT	LOW	0
143	4	12	HIDDEN	HIGH	0
144	29	12	HIDDEN	LOW	0
145	4	13	SAT	HIGH	0
146	29	13	SAT	LOW	0
147	4	14	HIDDEN	HIGH	0
148	29	14	HIDDEN	LOW	0
149	4	15	SAT	HIGH	0
150	29	15	SAT	LOW	0
151	4	16	SAT	HIGH	0
152	29	16	SAT	LOW	0
153	4	17	MIDSAT	HIGH	0
154	29	17	MIDSAT	LOW	0
155	4	18	HIDDEN	HIGH	0
156	29	18	HIDDEN	LOW	0
157	4	19	UNSAT	HIGH	0
158	29	19	UNSAT	LOW	0
159	4	20	MIDSAT	HIGH	0
160	29	20	MIDSAT	LOW	0
161	5	1	HIDDEN	HIGH	0
162	30	1	HIDDEN	LOW	0
163	5	2	MIDSAT	HIGH	0
164	30	2	MIDSAT	LOW	0
165	5	3	UNSAT	HIGH	0
166	30	3	UNSAT	LOW	0
167	5	4	HIDDEN	HIGH	0
168	30	4	HIDDEN	LOW	0
169	5	5	UNSAT	HIGH	0
170	30	5	UNSAT	LOW	0
171	5	6	HIDDEN	HIGH	0
172	30	6	HIDDEN	LOW	0
173	5	7	HIDDEN	HIGH	0
174	30	7	HIDDEN	LOW	0
175	5	8	UNSAT	HIGH	0
176	30	8	UNSAT	LOW	0
177	5	9	HIDDEN	HIGH	0
178	30	9	HIDDEN	LOW	0
179	5	10	HIDDEN	HIGH	0
180	30	10	HIDDEN	LOW	0
181	5	11	SAT	HIGH	0
182	30	11	SAT	LOW	0
183	5	12	SAT	HIGH	0
184	30	12	SAT	LOW	0
185	5	13	UNSAT	HIGH	0
186	30	13	UNSAT	LOW	0
187	5	14	MIDSAT	HIGH	0
188	30	14	MIDSAT	LOW	0
189	5	15	MIDSAT	HIGH	0
190	30	15	MIDSAT	LOW	0
191	5	16	HIDDEN	HIGH	0
192	30	16	HIDDEN	LOW	0
193	5	17	HIDDEN	HIGH	0
194	30	17	HIDDEN	LOW	0
195	5	18	SAT	HIGH	0
196	30	18	SAT	LOW	0
197	5	19	MIDSAT	HIGH	0
198	30	19	MIDSAT	LOW	0
199	5	20	SAT	HIGH	0
200	30	20	SAT	LOW	0
201	6	1	UNSAT	HIGH	0
202	31	1	UNSAT	LOW	0
203	6	2	MIDSAT	HIGH	0
204	31	2	MIDSAT	LOW	0
205	6	3	HIDDEN	HIGH	0
206	31	3	HIDDEN	LOW	0
207	6	4	SAT	HIGH	0
208	31	4	SAT	LOW	0
209	6	5	HIDDEN	HIGH	0
210	31	5	HIDDEN	LOW	0
211	6	6	UNSAT	HIGH	0
212	31	6	UNSAT	LOW	0
213	6	7	HIDDEN	HIGH	0
214	31	7	HIDDEN	LOW	0
215	6	8	HIDDEN	HIGH	0
216	31	8	HIDDEN	LOW	0
217	6	9	UNSAT	HIGH	0
218	31	9	UNSAT	LOW	0
219	6	10	HIDDEN	HIGH	0
220	31	10	HIDDEN	LOW	0
221	6	11	HIDDEN	HIGH	0
222	31	11	HIDDEN	LOW	0
223	6	12	UNSAT	HIGH	0
224	31	12	UNSAT	LOW	0
225	6	13	MIDSAT	HIGH	0
226	31	13	MIDSAT	LOW	0
227	6	14	SAT	HIGH	0
228	31	14	SAT	LOW	0
229	6	15	HIDDEN	HIGH	0
230	31	15	HIDDEN	LOW	0
231	6	16	MIDSAT	HIGH	0
232	31	16	MIDSAT	LOW	0
233	6	17	SAT	HIGH	0
234	31	17	SAT	LOW	0
235	6	18	MIDSAT	HIGH	0
236	31	18	MIDSAT	LOW	0
237	6	19	SAT	HIGH	0
238	31	19	SAT	LOW	0
239	6	20	HIDDEN	HIGH	0
240	31	20	HIDDEN	LOW	0
241	7	1	HIDDEN	HIGH	0
242	32	1	HIDDEN	LOW	0
243	7	2	UNSAT	HIGH	0
244	32	2	UNSAT	LOW	0
245	7	3	SAT	HIGH	0
246	32	3	SAT	LOW	0
247	7	4	MIDSAT	HIGH	0
248	32	4	MIDSAT	LOW	0
249	7	5	SAT	HIGH	0
250	32	5	SAT	LOW	0
251	7	6	SAT	HIGH	0
252	32	6	SAT	LOW	0
253	7	7	MIDSAT	HIGH	0
254	32	7	MIDSAT	LOW	0
255	7	8	SAT	HIGH	0
256	32	8	SAT	LOW	0
257	7	9	HIDDEN	HIGH	0
258	32	9	HIDDEN	LOW	0
259	7	10	MIDSAT	HIGH	0
260	32	10	MIDSAT	LOW	0
261	7	11	HIDDEN	HIGH	0
262	32	11	HIDDEN	LOW	0
263	7	12	HIDDEN	HIGH	0
264	32	12	HIDDEN	LOW	0
265	7	13	UNSAT	HIGH	0
266	32	13	UNSAT	LOW	0
267	7	14	HIDDEN	HIGH	0
268	32	14	HIDDEN	LOW	0
269	7	15	MIDSAT	HIGH	0
270	32	15	MIDSAT	LOW	0
271	7	16	HIDDEN	HIGH	0
272	32	16	HIDDEN	LOW	0
273	7	17	UNSAT	HIGH	0
274	32	17	UNSAT	LOW	0
275	7	18	HIDDEN	HIGH	0
276	32	18	HIDDEN	LOW	0
277	7	19	HIDDEN	HIGH	0
278	32	19	HIDDEN	LOW	0
279	7	20	UNSAT	HIGH	0
280	32	20	UNSAT	LOW	0
281	8	1	SAT	HIGH	0
282	33	1	SAT	LOW	0
283	8	2	SAT	HIGH	0
284	33	2	SAT	LOW	0
285	8	3	MIDSAT	HIGH	0
286	33	3	MIDSAT	LOW	0
287	8	4	HIDDEN	HIGH	0
288	33	4	HIDDEN	LOW	0
289	8	5	HIDDEN	HIGH	0
290	33	5	HIDDEN	LOW	0
291	8	6	HIDDEN	HIGH	0
292	33	6	HIDDEN	LOW	0
293	8	7	SAT	HIGH	0
294	33	7	SAT	LOW	0
295	8	8	MIDSAT	HIGH	0
296	33	8	MIDSAT	LOW	0
297	8	9	HIDDEN	HIGH	0
298	33	9	HIDDEN	LOW	0
299	8	10	SAT	HIGH	0
300	33	10	SAT	LOW	0
301	8	11	UNSAT	HIGH	0
302	33	11	UNSAT	LOW	0
303	8	12	HIDDEN	HIGH	0
304	33	12	HIDDEN	LOW	0
305	8	13	HIDDEN	HIGH	0
306	33	13	HIDDEN	LOW	0
307	8	14	UNSAT	HIGH	0
308	33	14	UNSAT	LOW	0
309	8	15	UNSAT	HIGH	0
310	33	15	UNSAT	LOW	0
311	8	16	HIDDEN	HIGH	0
312	33	16	HIDDEN	LOW	0
313	8	17	MIDSAT	HIGH	0
314	33	17	MIDSAT	LOW	0
315	8	18	UNSAT	HIGH	0
316	33	18	UNSAT	LOW	0
317	8	19	HIDDEN	HIGH	0
318	33	19	HIDDEN	LOW	0
319	8	20	MIDSAT	HIGH	0
320	33	20	MIDSAT	LOW	0
321	9	1	MIDSAT	HIGH	0
322	34	1	MIDSAT	LOW	0
323	9	2	HIDDEN	HIGH	0
324	34	2	HIDDEN	LOW	0
325	9	3	HIDDEN	HIGH	0
326	34	3	HIDDEN	LOW	0
327	9	4	UNSAT	HIGH	0
328	34	4	UNSAT	LOW	0
329	9	5	MIDSAT	HIGH	0
330	34	5	MIDSAT	LOW	0
331	9	6	HIDDEN	HIGH	0
332	34	6	HIDDEN	LOW	0
333	9	7	UNSAT	HIGH	0
334	34	7	UNSAT	LOW	0
335	9	8	HIDDEN	HIGH	0
336	34	8	HIDDEN	LOW	0
337	9	9	SAT	HIGH	0
338	34	9	SAT	LOW	0
339	9	10	UNSAT	HIGH	0
340	34	10	UNSAT	LOW	0
341	9	11	MIDSAT	HIGH	0
342	34	11	MIDSAT	LOW	0
343	9	12	MIDSAT	HIGH	0
344	34	12	MIDSAT	LOW	0
345	9	13	SAT	HIGH	0
346	34	13	SAT	LOW	0
347	9	14	HIDDEN	HIGH	0
348	34	14	HIDDEN	LOW	0
349	9	15	SAT	HIGH	0
350	34	15	SAT	LOW	0
351	9	16	SAT	HIGH	0
352	34	16	SAT	LOW	0
353	9	17	HIDDEN	HIGH	0
354	34	17	HIDDEN	LOW	0
355	9	18	HIDDEN	HIGH	0
356	34	18	HIDDEN	LOW	0
357	9	19	UNSAT	HIGH	0
358	34	19	UNSAT	LOW	0
359	9	20	HIDDEN	HIGH	0
360	34	20	HIDDEN	LOW	0
361	10	1	HIDDEN	HIGH	0
362	35	1	HIDDEN	LOW	0
363	10	2	HIDDEN	HIGH	0
364	35	2	HIDDEN	LOW	0
365	10	3	UNSAT	HIGH	0
366	35	3	UNSAT	LOW	0
367	10	4	HIDDEN	HIGH	0
368	35	4	HIDDEN	LOW	0
369	10	5	UNSAT	HIGH	0
370	35	5	UNSAT	LOW	0
371	10	6	MIDSAT	HIGH	0
372	35	6	MIDSAT	LOW	0
373	10	7	HIDDEN	HIGH	0
374	35	7	HIDDEN	LOW	0
375	10	8	UNSAT	HIGH	0
376	35	8	UNSAT	LOW	0
377	10	9	MIDSAT	HIGH	0
378	35	9	MIDSAT	LOW	0
379	10	10	HIDDEN	HIGH	0
380	35	10	HIDDEN	LOW	0
381	10	11	SAT	HIGH	0
382	35	11	SAT	LOW	0
383	10	12	SAT	HIGH	0
384	35	12	SAT	LOW	0
385	10	13	HIDDEN	HIGH	0
386	35	13	HIDDEN	LOW	0
387	10	14	MIDSAT	HIGH	0
388	35	14	MIDSAT	LOW	0
389	10	15	HIDDEN	HIGH	0
390	35	15	HIDDEN	LOW	0
391	10	16	UNSAT	HIGH	0
392	35	16	UNSAT	LOW	0
393	10	17	HIDDEN	HIGH	0
394	35	17	HIDDEN	LOW	0
395	10	18	SAT	HIGH	0
396	35	18	SAT	LOW	0
397	10	19	MIDSAT	HIGH	0
398	35	19	MIDSAT	LOW	0
399	10	20	SAT	HIGH	0
400	35	20	SAT	LOW	0
401	11	1	HIDDEN	HIGH	0
402	36	1	HIDDEN	LOW	0
403	11	2	HIDDEN	HIGH	0
404	36	2	HIDDEN	LOW	0
405	11	3	HIDDEN	HIGH	0
406	36	3	HIDDEN	LOW	0
407	11	4	SAT	HIGH	0
408	36	4	SAT	LOW	0
409	11	5	MIDSAT	HIGH	0
410	36	5	MIDSAT	LOW	0
411	11	6	UNSAT	HIGH	0
412	36	6	UNSAT	LOW	0
413	11	7	MIDSAT	HIGH	0
414	36	7	MIDSAT	LOW	0
415	11	8	UNSAT	HIGH	0
416	36	8	UNSAT	LOW	0
417	11	9	UNSAT	HIGH	0
418	36	9	UNSAT	LOW	0
419	11	10	SAT	HIGH	0
420	36	10	SAT	LOW	0
421	11	11	MIDSAT	HIGH	0
422	36	11	MIDSAT	LOW	0
423	11	12	HIDDEN	HIGH	0
424	36	12	HIDDEN	LOW	0
425	11	13	HIDDEN	HIGH	0
426	36	13	HIDDEN	LOW	0
427	11	14	SAT	HIGH	0
428	36	14	SAT	LOW	0
429	11	15	MIDSAT	HIGH	0
430	36	15	MIDSAT	LOW	0
431	11	16	UNSAT	HIGH	0
432	36	16	UNSAT	LOW	0
433	11	17	SAT	HIGH	0
434	36	17	SAT	LOW	0
435	11	18	HIDDEN	HIGH	0
436	36	18	HIDDEN	LOW	0
437	11	19	HIDDEN	HIGH	0
438	36	19	HIDDEN	LOW	0
439	11	20	HIDDEN	HIGH	0
440	36	20	HIDDEN	LOW	0
441	12	1	HIDDEN	HIGH	0
442	37	1	HIDDEN	LOW	0
443	12	2	UNSAT	HIGH	0
444	37	2	UNSAT	LOW	0
445	12	3	SAT	HIGH	0
446	37	3	SAT	LOW	0
447	12	4	MIDSAT	HIGH	0
448	37	4	MIDSAT	LOW	0
449	12	5	HIDDEN	HIGH	0
450	37	5	HIDDEN	LOW	0
451	12	6	HIDDEN	HIGH	0
452	37	6	HIDDEN	LOW	0
453	12	7	SAT	HIGH	0
454	37	7	SAT	LOW	0
455	12	8	SAT	HIGH	0
456	37	8	SAT	LOW	0
457	12	9	MIDSAT	HIGH	0
458	37	9	MIDSAT	LOW	0
459	12	10	HIDDEN	HIGH	0
460	37	10	HIDDEN	LOW	0
461	12	11	HIDDEN	HIGH	0
462	37	11	HIDDEN	LOW	0
463	12	12	MIDSAT	HIGH	0
464	37	12	MIDSAT	LOW	0
465	12	13	SAT	HIGH	0
466	37	13	SAT	LOW	0
467	12	14	UNSAT	HIGH	0
468	37	14	UNSAT	LOW	0
469	12	15	HIDDEN	HIGH	0
470	37	15	HIDDEN	LOW	0
471	12	16	HIDDEN	HIGH	0
472	37	16	HIDDEN	LOW	0
473	12	17	UNSAT	HIGH	0
474	37	17	UNSAT	LOW	0
475	12	18	MIDSAT	HIGH	0
476	37	18	MIDSAT	LOW	0
477	12	19	HIDDEN	HIGH	0
478	37	19	HIDDEN	LOW	0
479	12	20	UNSAT	HIGH	0
480	37	20	UNSAT	LOW	0
481	13	1	UNSAT	HIGH	0
482	38	1	UNSAT	LOW	0
483	13	2	SAT	HIGH	0
484	38	2	SAT	LOW	0
485	13	3	MIDSAT	HIGH	0
486	38	3	MIDSAT	LOW	0
487	13	4	HIDDEN	HIGH	0
488	38	4	HIDDEN	LOW	0
489	13	5	SAT	HIGH	0
490	38	5	SAT	LOW	0
491	13	6	SAT	HIGH	0
492	38	6	SAT	LOW	0
493	13	7	HIDDEN	HIGH	0
494	38	7	HIDDEN	LOW	0
495	13	8	MIDSAT	HIGH	0
496	38	8	MIDSAT	LOW	0
497	13	9	HIDDEN	HIGH	0
498	38	9	HIDDEN	LOW	0
499	13	10	MIDSAT	HIGH	0
500	38	10	MIDSAT	LOW	0
501	13	11	UNSAT	HIGH	0
502	38	11	UNSAT	LOW	0
503	13	12	HIDDEN	HIGH	0
504	38	12	HIDDEN	LOW	0
505	13	13	MIDSAT	HIGH	0
506	38	13	MIDSAT	LOW	0
507	13	14	HIDDEN	HIGH	0
508	38	14	HIDDEN	LOW	0
509	13	15	UNSAT	HIGH	0
510	38	15	UNSAT	LOW	0
511	13	16	HIDDEN	HIGH	0
512	38	16	HIDDEN	LOW	0
513	13	17	HIDDEN	HIGH	0
514	38	17	HIDDEN	LOW	0
515	13	18	UNSAT	HIGH	0
516	38	18	UNSAT	LOW	0
517	13	19	SAT	HIGH	0
518	38	19	SAT	LOW	0
519	13	20	HIDDEN	HIGH	0
520	38	20	HIDDEN	LOW	0
521	14	1	MIDSAT	HIGH	0
522	39	1	MIDSAT	LOW	0
523	14	2	HIDDEN	HIGH	0
524	39	2	HIDDEN	LOW	0
525	14	3	UNSAT	HIGH	0
526	39	3	UNSAT	LOW	0
527	14	4	HIDDEN	HIGH	0
528	39	4	HIDDEN	LOW	0
529	14	5	HIDDEN	HIGH	0
530	39	5	HIDDEN	LOW	0
531	14	6	MIDSAT	HIGH	0
532	39	6	MIDSAT	LOW	0
533	14	7	HIDDEN	HIGH	0
534	39	7	HIDDEN	LOW	0
535	14	8	HIDDEN	HIGH	0
536	39	8	HIDDEN	LOW	0
537	14	9	SAT	HIGH	0
538	39	9	SAT	LOW	0
539	14	10	UNSAT	HIGH	0
540	39	10	UNSAT	LOW	0
541	14	11	HIDDEN	HIGH	0
542	39	11	HIDDEN	LOW	0
543	14	12	SAT	HIGH	0
544	39	12	SAT	LOW	0
545	14	13	UNSAT	HIGH	0
546	39	13	UNSAT	LOW	0
547	14	14	HIDDEN	HIGH	0
548	39	14	HIDDEN	LOW	0
549	14	15	SAT	HIGH	0
550	39	15	SAT	LOW	0
551	14	16	SAT	HIGH	0
552	39	16	SAT	LOW	0
553	14	17	MIDSAT	HIGH	0
554	39	17	MIDSAT	LOW	0
555	14	18	HIDDEN	HIGH	0
556	39	18	HIDDEN	LOW	0
557	14	19	UNSAT	HIGH	0
558	39	19	UNSAT	LOW	0
559	14	20	MIDSAT	HIGH	0
560	39	20	MIDSAT	LOW	0
561	15	1	SAT	HIGH	0
562	40	1	SAT	LOW	0
563	15	2	MIDSAT	HIGH	0
564	40	2	MIDSAT	LOW	0
565	15	3	HIDDEN	HIGH	0
566	40	3	HIDDEN	LOW	0
567	15	4	UNSAT	HIGH	0
568	40	4	UNSAT	LOW	0
569	15	5	UNSAT	HIGH	0
570	40	5	UNSAT	LOW	0
571	15	6	HIDDEN	HIGH	0
572	40	6	HIDDEN	LOW	0
573	15	7	UNSAT	HIGH	0
574	40	7	UNSAT	LOW	0
575	15	8	HIDDEN	HIGH	0
576	40	8	HIDDEN	LOW	0
577	15	9	HIDDEN	HIGH	0
578	40	9	HIDDEN	LOW	0
579	15	10	HIDDEN	HIGH	0
580	40	10	HIDDEN	LOW	0
581	15	11	SAT	HIGH	0
582	40	11	SAT	LOW	0
583	15	12	UNSAT	HIGH	0
584	40	12	UNSAT	LOW	0
585	15	13	HIDDEN	HIGH	0
586	40	13	HIDDEN	LOW	0
587	15	14	MIDSAT	HIGH	0
588	40	14	MIDSAT	LOW	0
589	15	15	HIDDEN	HIGH	0
590	40	15	HIDDEN	LOW	0
591	15	16	MIDSAT	HIGH	0
592	40	16	MIDSAT	LOW	0
593	15	17	HIDDEN	HIGH	0
594	40	17	HIDDEN	LOW	0
595	15	18	SAT	HIGH	0
596	40	18	SAT	LOW	0
597	15	19	MIDSAT	HIGH	0
598	40	19	MIDSAT	LOW	0
599	15	20	SAT	HIGH	0
600	40	20	SAT	LOW	0
601	16	1	HIDDEN	HIGH	0
602	41	1	HIDDEN	LOW	0
603	16	2	UNSAT	HIGH	0
604	41	2	UNSAT	LOW	0
605	16	3	HIDDEN	HIGH	0
606	41	3	HIDDEN	LOW	0
607	16	4	SAT	HIGH	0
608	41	4	SAT	LOW	0
609	16	5	MIDSAT	HIGH	0
610	41	5	MIDSAT	LOW	0
611	16	6	HIDDEN	HIGH	0
612	41	6	HIDDEN	LOW	0
613	16	7	MIDSAT	HIGH	0
614	41	7	MIDSAT	LOW	0
615	16	8	HIDDEN	HIGH	0
616	41	8	HIDDEN	LOW	0
617	16	9	UNSAT	HIGH	0
618	41	9	UNSAT	LOW	0
619	16	10	SAT	HIGH	0
620	41	10	SAT	LOW	0
621	16	11	HIDDEN	HIGH	0
622	41	11	HIDDEN	LOW	0
623	16	12	UNSAT	HIGH	0
624	41	12	UNSAT	LOW	0
625	16	13	MIDSAT	HIGH	0
626	41	13	MIDSAT	LOW	0
627	16	14	SAT	HIGH	0
628	41	14	SAT	LOW	0
629	16	15	HIDDEN	HIGH	0
630	41	15	HIDDEN	LOW	0
631	16	16	HIDDEN	HIGH	0
632	41	16	HIDDEN	LOW	0
633	16	17	SAT	HIGH	0
634	41	17	SAT	LOW	0
635	16	18	MIDSAT	HIGH	0
636	41	18	MIDSAT	LOW	0
637	16	19	HIDDEN	HIGH	0
638	41	19	HIDDEN	LOW	0
639	16	20	UNSAT	HIGH	0
640	41	20	UNSAT	LOW	0
641	17	1	UNSAT	HIGH	0
642	42	1	UNSAT	LOW	0
643	17	2	HIDDEN	HIGH	0
644	42	2	HIDDEN	LOW	0
645	17	3	SAT	HIGH	0
646	42	3	SAT	LOW	0
647	17	4	MIDSAT	HIGH	0
648	42	4	MIDSAT	LOW	0
649	17	5	SAT	HIGH	0
650	42	5	SAT	LOW	0
651	17	6	MIDSAT	HIGH	0
652	42	6	MIDSAT	LOW	0
653	17	7	HIDDEN	HIGH	0
654	42	7	HIDDEN	LOW	0
655	17	8	SAT	HIGH	0
656	42	8	SAT	LOW	0
657	17	9	HIDDEN	HIGH	0
658	42	9	HIDDEN	LOW	0
659	17	10	MIDSAT	HIGH	0
660	42	10	MIDSAT	LOW	0
661	17	11	SAT	HIGH	0
662	42	11	SAT	LOW	0
663	17	12	MIDSAT	HIGH	0
664	42	12	MIDSAT	LOW	0
665	17	13	UNSAT	HIGH	0
666	42	13	UNSAT	LOW	0
667	17	14	HIDDEN	HIGH	0
668	42	14	HIDDEN	LOW	0
669	17	15	HIDDEN	HIGH	0
670	42	15	HIDDEN	LOW	0
671	17	16	UNSAT	HIGH	0
672	42	16	UNSAT	LOW	0
673	17	17	HIDDEN	HIGH	0
674	42	17	HIDDEN	LOW	0
675	17	18	HIDDEN	HIGH	0
676	42	18	HIDDEN	LOW	0
677	17	19	UNSAT	HIGH	0
678	42	19	UNSAT	LOW	0
679	17	20	HIDDEN	HIGH	0
680	42	20	HIDDEN	LOW	0
681	18	1	HIDDEN	HIGH	0
682	43	1	HIDDEN	LOW	0
683	18	2	SAT	HIGH	0
684	43	2	SAT	LOW	0
685	18	3	MIDSAT	HIGH	0
686	43	3	MIDSAT	LOW	0
687	18	4	HIDDEN	HIGH	0
688	43	4	HIDDEN	LOW	0
689	18	5	HIDDEN	HIGH	0
690	43	5	HIDDEN	LOW	0
691	18	6	SAT	HIGH	0
692	43	6	SAT	LOW	0
693	18	7	SAT	HIGH	0
694	43	7	SAT	LOW	0
695	18	8	MIDSAT	HIGH	0
696	43	8	MIDSAT	LOW	0
697	18	9	MIDSAT	HIGH	0
698	43	9	MIDSAT	LOW	0
699	18	10	HIDDEN	HIGH	0
700	43	10	HIDDEN	LOW	0
701	18	11	UNSAT	HIGH	0
702	43	11	UNSAT	LOW	0
703	18	12	HIDDEN	HIGH	0
704	43	12	HIDDEN	LOW	0
705	18	13	HIDDEN	HIGH	0
706	43	13	HIDDEN	LOW	0
707	18	14	UNSAT	HIGH	0
708	43	14	UNSAT	LOW	0
709	18	15	UNSAT	HIGH	0
710	43	15	UNSAT	LOW	0
711	18	16	MIDSAT	HIGH	0
712	43	16	MIDSAT	LOW	0
713	18	17	HIDDEN	HIGH	0
714	43	17	HIDDEN	LOW	0
715	18	18	UNSAT	HIGH	0
716	43	18	UNSAT	LOW	0
717	18	19	SAT	HIGH	0
718	43	19	SAT	LOW	0
719	18	20	HIDDEN	HIGH	0
720	43	20	HIDDEN	LOW	0
721	19	1	SAT	HIGH	0
722	44	1	SAT	LOW	0
723	19	2	MIDSAT	HIGH	0
724	44	2	MIDSAT	LOW	0
725	19	3	UNSAT	HIGH	0
726	44	3	UNSAT	LOW	0
727	19	4	UNSAT	HIGH	0
728	44	4	UNSAT	LOW	0
729	19	5	HIDDEN	HIGH	0
730	44	5	HIDDEN	LOW	0
731	19	6	HIDDEN	HIGH	0
732	44	6	HIDDEN	LOW	0
733	19	7	UNSAT	HIGH	0
734	44	7	UNSAT	LOW	0
735	19	8	HIDDEN	HIGH	0
736	44	8	HIDDEN	LOW	0
737	19	9	HIDDEN	HIGH	0
738	44	9	HIDDEN	LOW	0
739	19	10	UNSAT	HIGH	0
740	44	10	UNSAT	LOW	0
741	19	11	MIDSAT	HIGH	0
742	44	11	MIDSAT	LOW	0
743	19	12	HIDDEN	HIGH	0
744	44	12	HIDDEN	LOW	0
745	19	13	SAT	HIGH	0
746	44	13	SAT	LOW	0
747	19	14	HIDDEN	HIGH	0
748	44	14	HIDDEN	LOW	0
749	19	15	SAT	HIGH	0
750	44	15	SAT	LOW	0
751	19	16	SAT	HIGH	0
752	44	16	SAT	LOW	0
753	19	17	MIDSAT	HIGH	0
754	44	17	MIDSAT	LOW	0
755	19	18	HIDDEN	HIGH	0
756	44	18	HIDDEN	LOW	0
757	19	19	HIDDEN	HIGH	0
758	44	19	HIDDEN	LOW	0
759	19	20	MIDSAT	HIGH	0
760	44	20	MIDSAT	LOW	0
761	20	1	MIDSAT	HIGH	0
762	45	1	MIDSAT	LOW	0
763	20	2	HIDDEN	HIGH	0
764	45	2	HIDDEN	LOW	0
765	20	3	HIDDEN	HIGH	0
766	45	3	HIDDEN	LOW	0
767	20	4	HIDDEN	HIGH	0
768	45	4	HIDDEN	LOW	0
769	20	5	UNSAT	HIGH	0
770	45	5	UNSAT	LOW	0
771	20	6	UNSAT	HIGH	0
772	45	6	UNSAT	LOW	0
773	20	7	HIDDEN	HIGH	0
774	45	7	HIDDEN	LOW	0
775	20	8	UNSAT	HIGH	0
776	45	8	UNSAT	LOW	0
777	20	9	SAT	HIGH	0
778	45	9	SAT	LOW	0
779	20	10	HIDDEN	HIGH	0
780	45	10	HIDDEN	LOW	0
781	20	11	HIDDEN	HIGH	0
782	45	11	HIDDEN	LOW	0
783	20	12	SAT	HIGH	0
784	45	12	SAT	LOW	0
785	20	13	HIDDEN	HIGH	0
786	45	13	HIDDEN	LOW	0
787	20	14	MIDSAT	HIGH	0
788	45	14	MIDSAT	LOW	0
789	20	15	MIDSAT	HIGH	0
790	45	15	MIDSAT	LOW	0
791	20	16	HIDDEN	HIGH	0
792	45	16	HIDDEN	LOW	0
793	20	17	UNSAT	HIGH	0
794	45	17	UNSAT	LOW	0
795	20	18	SAT	HIGH	0
796	45	18	SAT	LOW	0
797	20	19	MIDSAT	HIGH	0
798	45	19	MIDSAT	LOW	0
799	20	20	SAT	HIGH	0
800	45	20	SAT	LOW	0
801	21	1	MIDSAT	HIGH	0
802	46	1	MIDSAT	LOW	0
803	21	2	UNSAT	HIGH	0
804	46	2	UNSAT	LOW	0
805	21	3	HIDDEN	HIGH	0
806	46	3	HIDDEN	LOW	0
807	21	4	HIDDEN	HIGH	0
808	46	4	HIDDEN	LOW	0
809	21	5	SAT	HIGH	0
810	46	5	SAT	LOW	0
811	21	6	UNSAT	HIGH	0
812	46	6	UNSAT	LOW	0
813	21	7	HIDDEN	HIGH	0
814	46	7	HIDDEN	LOW	0
815	21	8	HIDDEN	HIGH	0
816	46	8	HIDDEN	LOW	0
817	21	9	UNSAT	HIGH	0
818	46	9	UNSAT	LOW	0
819	21	10	HIDDEN	HIGH	0
820	46	10	HIDDEN	LOW	0
821	21	11	SAT	HIGH	0
822	46	11	SAT	LOW	0
823	21	12	UNSAT	HIGH	0
824	46	12	UNSAT	LOW	0
825	21	13	MIDSAT	HIGH	0
826	46	13	MIDSAT	LOW	0
827	21	14	SAT	HIGH	0
828	46	14	SAT	LOW	0
829	21	15	HIDDEN	HIGH	0
830	46	15	HIDDEN	LOW	0
831	21	16	MIDSAT	HIGH	0
832	46	16	MIDSAT	LOW	0
833	21	17	SAT	HIGH	0
834	46	17	SAT	LOW	0
835	21	18	HIDDEN	HIGH	0
836	46	18	HIDDEN	LOW	0
837	21	19	HIDDEN	HIGH	0
838	46	19	HIDDEN	LOW	0
839	21	20	MIDSAT	HIGH	0
840	46	20	MIDSAT	LOW	0
841	22	1	UNSAT	HIGH	0
842	47	1	UNSAT	LOW	0
843	22	2	HIDDEN	HIGH	0
844	47	2	HIDDEN	LOW	0
845	22	3	SAT	HIGH	0
846	47	3	SAT	LOW	0
847	22	4	MIDSAT	HIGH	0
848	47	4	MIDSAT	LOW	0
849	22	5	HIDDEN	HIGH	0
850	47	5	HIDDEN	LOW	0
851	22	6	HIDDEN	HIGH	0
852	47	6	HIDDEN	LOW	0
853	22	7	HIDDEN	HIGH	0
854	47	7	HIDDEN	LOW	0
855	22	8	SAT	HIGH	0
856	47	8	SAT	LOW	0
857	22	9	MIDSAT	HIGH	0
858	47	9	MIDSAT	LOW	0
859	22	10	SAT	HIGH	0
860	47	10	SAT	LOW	0
861	22	11	HIDDEN	HIGH	0
862	47	11	HIDDEN	LOW	0
863	22	12	MIDSAT	HIGH	0
864	47	12	MIDSAT	LOW	0
865	22	13	HIDDEN	HIGH	0
866	47	13	HIDDEN	LOW	0
867	22	14	MIDSAT	HIGH	0
868	47	14	MIDSAT	LOW	0
869	22	15	HIDDEN	HIGH	0
870	47	15	HIDDEN	LOW	0
871	22	16	UNSAT	HIGH	0
872	47	16	UNSAT	LOW	0
873	22	17	UNSAT	HIGH	0
874	47	17	UNSAT	LOW	0
875	22	18	HIDDEN	HIGH	0
876	47	18	HIDDEN	LOW	0
877	22	19	SAT	HIGH	0
878	47	19	SAT	LOW	0
879	22	20	UNSAT	HIGH	0
880	47	20	UNSAT	LOW	0
881	23	1	HIDDEN	HIGH	0
882	48	1	HIDDEN	LOW	0
883	23	2	SAT	HIGH	0
884	48	2	SAT	LOW	0
885	23	3	HIDDEN	HIGH	0
886	48	3	HIDDEN	LOW	0
887	23	4	SAT	HIGH	0
888	48	4	SAT	LOW	0
889	23	5	MIDSAT	HIGH	0
890	48	5	MIDSAT	LOW	0
891	23	6	SAT	HIGH	0
892	48	6	SAT	LOW	0
893	23	7	SAT	HIGH	0
894	48	7	SAT	LOW	0
895	23	8	HIDDEN	HIGH	0
896	48	8	HIDDEN	LOW	0
897	23	9	HIDDEN	HIGH	0
898	48	9	HIDDEN	LOW	0
899	23	10	MIDSAT	HIGH	0
900	48	10	MIDSAT	LOW	0
901	23	11	UNSAT	HIGH	0
902	48	11	UNSAT	LOW	0
903	23	12	HIDDEN	HIGH	0
904	48	12	HIDDEN	LOW	0
905	23	13	HIDDEN	HIGH	0
906	48	13	HIDDEN	LOW	0
907	23	14	UNSAT	HIGH	0
908	48	14	UNSAT	LOW	0
909	23	15	UNSAT	HIGH	0
910	48	15	UNSAT	LOW	0
911	23	16	HIDDEN	HIGH	0
912	48	16	HIDDEN	LOW	0
913	23	17	MIDSAT	HIGH	0
914	48	17	MIDSAT	LOW	0
915	23	18	UNSAT	HIGH	0
916	48	18	UNSAT	LOW	0
917	23	19	MIDSAT	HIGH	0
918	48	19	MIDSAT	LOW	0
919	23	20	HIDDEN	HIGH	0
920	48	20	HIDDEN	LOW	0
921	24	1	SAT	HIGH	0
922	49	1	SAT	LOW	0
923	24	2	HIDDEN	HIGH	0
924	49	2	HIDDEN	LOW	0
925	24	3	MIDSAT	HIGH	0
926	49	3	MIDSAT	LOW	0
927	24	4	UNSAT	HIGH	0
928	49	4	UNSAT	LOW	0
929	24	5	HIDDEN	HIGH	0
930	49	5	HIDDEN	LOW	0
931	24	6	HIDDEN	HIGH	0
932	49	6	HIDDEN	LOW	0
933	24	7	UNSAT	HIGH	0
934	49	7	UNSAT	LOW	0
935	24	8	MIDSAT	HIGH	0
936	49	8	MIDSAT	LOW	0
937	24	9	HIDDEN	HIGH	0
938	49	9	HIDDEN	LOW	0
939	24	10	UNSAT	HIGH	0
940	49	10	UNSAT	LOW	0
941	24	11	MIDSAT	HIGH	0
942	49	11	MIDSAT	LOW	0
943	24	12	HIDDEN	HIGH	0
944	49	12	HIDDEN	LOW	0
945	24	13	SAT	HIGH	0
946	49	13	SAT	LOW	0
947	24	14	HIDDEN	HIGH	0
948	49	14	HIDDEN	LOW	0
949	24	15	SAT	HIGH	0
950	49	15	SAT	LOW	0
951	24	16	HIDDEN	HIGH	0
952	49	16	HIDDEN	LOW	0
953	24	17	HIDDEN	HIGH	0
954	49	17	HIDDEN	LOW	0
955	24	18	MIDSAT	HIGH	0
956	49	18	MIDSAT	LOW	0
957	24	19	UNSAT	HIGH	0
958	49	19	UNSAT	LOW	0
959	24	20	SAT	HIGH	0
960	49	20	SAT	LOW	0
961	25	1	HIDDEN	HIGH	0
962	50	1	HIDDEN	LOW	0
963	25	2	MIDSAT	HIGH	0
964	50	2	MIDSAT	LOW	0
965	25	3	UNSAT	HIGH	0
966	50	3	UNSAT	LOW	0
967	25	4	HIDDEN	HIGH	0
968	50	4	HIDDEN	LOW	0
969	25	5	UNSAT	HIGH	0
970	50	5	UNSAT	LOW	0
971	25	6	MIDSAT	HIGH	0
972	50	6	MIDSAT	LOW	0
973	25	7	MIDSAT	HIGH	0
974	50	7	MIDSAT	LOW	0
975	25	8	UNSAT	HIGH	0
976	50	8	UNSAT	LOW	0
977	25	9	SAT	HIGH	0
978	50	9	SAT	LOW	0
979	25	10	HIDDEN	HIGH	0
980	50	10	HIDDEN	LOW	0
981	25	11	HIDDEN	HIGH	0
982	50	11	HIDDEN	LOW	0
983	25	12	SAT	HIGH	0
984	50	12	SAT	LOW	0
985	25	13	UNSAT	HIGH	0
986	50	13	UNSAT	LOW	0
987	25	14	HIDDEN	HIGH	0
988	50	14	HIDDEN	LOW	0
989	25	15	MIDSAT	HIGH	0
990	50	15	MIDSAT	LOW	0
991	25	16	SAT	HIGH	0
992	50	16	SAT	LOW	0
993	25	17	HIDDEN	HIGH	0
994	50	17	HIDDEN	LOW	0
995	25	18	SAT	HIGH	0
996	50	18	SAT	LOW	0
997	25	19	HIDDEN	HIGH	0
998	50	19	HIDDEN	LOW	0
999	25	20	HIDDEN	HIGH	0
1000	50	20	HIDDEN	LOW	0
1001	51	1	MIDSAT	HIGH	0
1002	51	2	MIDSAT	HIGH	0
1003	51	3	UNSAT	HIGH	0
1004	51	4	UNSAT	HIGH	0
1005	51	5	SAT	HIGH	0
1006	51	6	MIDSAT	HIGH	0
1007	51	7	MIDSAT	HIGH	0
1008	51	8	SAT	HIGH	0
1009	51	9	SAT	HIGH	0
1010	51	10	SAT	HIGH	0
1011	51	11	MIDSAT	HIGH	0
1012	51	12	SAT	HIGH	0
1013	51	13	SAT	HIGH	0
1014	51	14	UNSAT	HIGH	0
1015	51	15	MIDSAT	HIGH	0
1016	51	16	UNSAT	HIGH	0
1017	51	17	UNSAT	HIGH	0
1018	51	18	MIDSAT	HIGH	0
1019	51	19	MIDSAT	HIGH	0
1020	51	20	SAT	HIGH	0
1021	52	1	UNSAT	LOW	0
1022	52	2	UNSAT	LOW	0
1023	52	3	MIDSAT	LOW	0
1024	52	4	UNSAT	LOW	0
1025	52	5	SAT	LOW	0
1026	52	6	SAT	LOW	0
1027	52	7	UNSAT	LOW	0
1028	52	8	SAT	LOW	0
1029	52	9	UNSAT	LOW	0
1030	52	10	UNSAT	LOW	0
1031	52	11	MIDSAT	LOW	0
1032	52	12	UNSAT	LOW	0
1033	52	13	MIDSAT	LOW	0
1034	52	14	MIDSAT	LOW	0
1035	52	15	SAT	LOW	0
1036	52	16	UNSAT	LOW	0
1037	52	17	UNSAT	LOW	0
1038	52	18	SAT	LOW	0
1039	52	19	SAT	LOW	0
1040	52	20	SAT	LOW	0
1041	53	21	SAT	HIGH	0
1042	54	21	SAT	LOW	0
